"","","","","","Census Population","% African American","% Asian","% Hispanic"
"County","Municipality","DLGS Code","LD","CD","2020: Census Population","2020: % African American","2020: % Asian","2020: % Hispanic"
"Atlantic","Absecon","0101","2","2","9137","11.33","7.56","11.89"
"Atlantic","Atlantic City","0102","2","2","38497","33.97","16.13","29.91"
"Atlantic","Brigantine","0103","2","2","7716","2.01","4.99","6.32"
"Atlantic","Buena","0104","2","2","4501","7.09","1.76","32.19"
"Atlantic","Buena Vista","0105","2","2","7033","10.48",".84","12.92"
"Atlantic","Corbin City","0106","1","2","471",".42","0","3.61"
"Atlantic","Egg Harbor","0107","2","2","4396","19.11","2.66","27.82"
"Atlantic","Egg Harbor Twp","0108","2","2","47842","8.96","12.55","17.42"
"Atlantic","Estell Manor","0109","1","2","1668","1.98",".12","3.84"
"Atlantic","Folsom","0110","2","2","1811","2.6",".33","9.61"
"Atlantic","Galloway","0111","9","2","37813","11.55","10.12","13.24"
"Atlantic","Hamilton","0112","2","2","27484","17.79","6.04","14.77"
"Atlantic","Hammonton","0113","8","2","14711","2.7","1.07","23.91"
"Atlantic","Linwood","0114","2","2","6971","1.25","4.89","5.19"
"Atlantic","Longport","0115","2","2","893",".56",".34","1.46"
"Atlantic","Margate","0116","2","2","5317",".21","1","3.44"
"Atlantic","Mullica","0117","2","2","5816","3.85",".65","17.28"
"Atlantic","Northfield","0118","2","2","8434","2.34","5.51","11.55"
"Atlantic","Pleasantville","0119","2","2","20629","34.83","2.1","50.01"
"Atlantic","Port Republic","0120","9","2","1101",".64","1.09","3.36"
"Atlantic","Somers Point","0121","2","2","10469","7.59","2.77","13.12"
"Atlantic","Ventnor","0122","2","2","9210","2.63","7.73","15.57"
"Atlantic","Weymouth","0123","1","2","2614","3.18",".88","6.66"
"Bergen","Allendale","0201","40","5","6848",".61","12.22","6.66"
"Bergen","Alpine","0202","37","5","1762","3.06","33.65","6.87"
"Bergen","Bergenfield","0203","38","5","28321","6.69","25.5","32.21"
"Bergen","Bogota","0204","37","5","8778","6.66","8.52","51.33"
"Bergen","Carlstadt","0205","36","9","6372","2.07","9.54","24.83"
"Bergen","Cliffside Park","0206","36","9","25693","2.55","14.73","34.85"
"Bergen","Closter","0207","39","5","8594",".97","35.01","8.44"
"Bergen","Cresskill","0208","37","9","9155",".98","31.29","6.88"
"Bergen","Demarest","0209","39","5","4981",".82","31.36","5.42"
"Bergen","Dumont","0210","39","5","17863","2.82","17.25","21.74"
"Bergen","East Rutherford","0212","36","9","10022","4.55","16.08","25.5"
"Bergen","Edgewater","0213","32","9","14336","5.39","35.37","13.66"
"Bergen","Elmwood Park","0211","35","9","21422","6.97","11.05","27.53"
"Bergen","Emerson","0214","39","5","7290","1.48","9.73","13"
"Bergen","Englewood","0215","37","9","29308","24.5","9.77","32.89"
"Bergen","Englewood Cliffs","0216","37","9","5342","2","47.44","6.38"
"Bergen","Fair Lawn","0217","38","5","34927","2.24","12.79","15.37"
"Bergen","Fairview","0218","32","8","15025","1.6","4.62","66.68"
"Bergen","Fort Lee","0219","37","9","40191","2.97","42.17","13.38"
"Bergen","Franklin Lakes","0220","40","5","11079","1.55","9.49","7.09"
"Bergen","Garfield","0221","35","9","32655","5.16","3.02","39.14"
"Bergen","Glen Rock","0222","38","5","12133","1.34","13.33","6.99"
"Bergen","Hackensack","0223","37","5","46030","20.76","10.28","41.76"
"Bergen","Harrington Park","0224","39","5","4741",".74","22.13","6.31"
"Bergen","Hasbrouck Heights","0225","38","9","12125","2.75","11.72","21.04"
"Bergen","Haworth","0226","39","5","3343","1.53","16.3","5.71"
"Bergen","Hillsdale","0227","39","5","10143","1.13","7.32","11.22"
"Bergen","Ho-Ho-Kus","0228","40","5","4258",".61","7.54","7.09"
"Bergen","Leonia","0229","37","9","9304","2.17","41.66","17.94"
"Bergen","Little Ferry","0230","36","9","10987","4.27","24.73","31.56"
"Bergen","Lodi","0231","38","5","26206","7.71","8.37","41.36"
"Bergen","Lyndhurst","0232","36","9","22519","3.06","7.05","27"
"Bergen","Mahwah","0233","39","5","25487","2.69","11.1","8.65"
"Bergen","Maywood","0234","38","5","10080","6","14.31","25.47"
"Bergen","Midland Park","0235","40","5","7014","1","3.44","10.46"
"Bergen","Montvale","0236","39","5","8436","1.43","15.69","8.1"
"Bergen","Moonachie","0237","36","9","3133",".64","11.2","41.24"
"Bergen","New Milford","0238","38","5","16923","4.7","20.21","19.52"
"Bergen","North Arlington","0239","36","9","16457","1.56","7.13","31.04"
"Bergen","Northvale","0240","37","5","4761","1.16","26.84","11.95"
"Bergen","Norwood","0241","39","5","5641","1.31","32.07","7.41"
"Bergen","Oakland","0242","39","5","12748",".93","4.75","9.49"
"Bergen","Old Tappan","0243","39","5","5888","1","27.17","6.45"
"Bergen","Oradell","0244","38","5","8244",".89","15.49","8.9"
"Bergen","Palisades Park","0245","37","9","20292","1.29","58.64","23.96"
"Bergen","Paramus","0246","38","5","26698","1.72","26.09","10.53"
"Bergen","Park Ridge","0247","39","5","8883","1.02","7.1","10.54"
"Bergen","Ramsey","0248","39","5","14798",".86","7.66","9.29"
"Bergen","Ridgefield","0249","36","9","11501","1.74","28.86","29.07"
"Bergen","Ridgefield Park","0250","36","9","13224","4.91","11.04","46.8"
"Bergen","Ridgewood","0251","40","5","25979","1.36","17.54","7.96"
"Bergen","River Edge","0252","38","5","12049","2.35","28.5","11.11"
"Bergen","River Vale","0253","39","5","9909","1.18","10.02","7.38"
"Bergen","Rochelle Park","0254","38","5","5814","3.58","10.35","27.09"
"Bergen","Rockleigh","0255","37","5","407","2.46","6.63","8.11"
"Bergen","Rutherford","0256","36","9","18834","3.35","14.27","18.03"
"Bergen","Saddle Brook","0257","38","9","14294","3.09","8.53","19.22"
"Bergen","Saddle River","0258","39","5","3372","1.93","13.37","5.37"
"Bergen","South Hackensack","0259","36","9","2701","5","6.37","46.5"
"Bergen","Teaneck","0260","37","5","41246","22.26","10.61","21.45"
"Bergen","Tenafly","0261","37","9","15409","1.56","30.57","7.38"
"Bergen","Teterboro","0262","36","9","61","11.48","1.64","40.98"
"Bergen","Upper Saddle River","0263","39","5","8353","1.54","14.84","6.93"
"Bergen","Waldwick","0264","40","5","10058","1.25","6.36","13.07"
"Bergen","Wallington","0265","36","9","11868","2.7","5.85","19.37"
"Bergen","Washington Twp","0266","39","5","9285",".94","6.1","8.62"
"Bergen","Westwood","0267","39","5","11282","3.97","8.23","14.63"
"Bergen","Wood-Ridge","0269","36","9","10137","3.32","15.95","17.15"
"Bergen","Woodcliff Lake","0268","39","5","6128",".75","8.75","6.64"
"Bergen","Wyckoff","0270","40","5","16585",".56","5.26","7.93"
"Burlington","Bass River","0301","9","2","1355",".15",".22","5.39"
"Burlington","Beverly","0302","7","3","2499","26.13","1.72","14.93"
"Burlington","Bordentown","0303","7","3","3993","8.01","2.38","8.46"
"Burlington","Bordentown Twp","0304","7","3","11791","10.06","9.65","8.74"
"Burlington","Burlington","0305","7","3","9743","34.99","2.35","11.27"
"Burlington","Burlington Twp","0306","7","3","23983","30.03","10.77","8.75"
"Burlington","Chesterfield","0307","12","3","9422","23.28","15.97","10.67"
"Burlington","Cinnaminson","0308","7","3","17064","7.05","2.99","5.4"
"Burlington","Delanco","0309","7","3","4824","16.67","1.7","7.92"
"Burlington","Delran","0310","7","3","17882","9.2","3.68","6.41"
"Burlington","Eastampton","0311","8","3","6191","16.91","4.28","12.73"
"Burlington","Edgewater Park","0312","7","3","8930","28.21","3.02","14.67"
"Burlington","Evesham","0313","8","3","46826","4.75","7.67","5.4"
"Burlington","Fieldsboro","0314","7","3","526","8.17",".38","10.65"
"Burlington","Florence","0315","7","3","12812","12.58","9.6","7"
"Burlington","Hainesport","0316","8","3","6035","7.17","4.37","6.58"
"Burlington","Lumberton","0317","8","3","12803","20.46","5.26","8.7"
"Burlington","Mansfield","0318","8","3","8897","8.62","9.01","6.4"
"Burlington","Maple Shade","0319","6","1","19980","11.8","6.52","12.8"
"Burlington","Medford","0320","8","3","24497","1.75","2.38","4.52"
"Burlington","Medford Lakes","0321","8","3","4264",".61","1.01","2.86"
"Burlington","Moorestown","0322","7","3","21355","5.48","9.68","4.7"
"Burlington","Mount Holly","0323","8","3","9981","21.29","2.57","17.25"
"Burlington","Mount Laurel","0324","7","3","44633","10.73","10.65","6.64"
"Burlington","New Hanover","0325","12","3","6367","31.11","2.12","18.39"
"Burlington","North Hanover","0326","12","3","7963","7.53","2.16","15.11"
"Burlington","Palmyra","0327","7","1","7438","13.36","2.23","9.55"
"Burlington","Pemberton","0328","8","3","1371","16.78","3.43","15.61"
"Burlington","Pemberton Twp","0329","8","3","26903","16.34","2.81","13.96"
"Burlington","Riverside","0330","7","3","8003","7.1","1.22","17.58"
"Burlington","Riverton","0331","7","3","2764","3.33",".87","5.03"
"Burlington","Shamong","0332","8","3","6460","1.22",".74","4.1"
"Burlington","Southampton","0333","8","3","10317","2.49","1.15","4.52"
"Burlington","Springfield","0334","8","3","3245","3.14","2.22","6.32"
"Burlington","Tabernacle","0335","9","3","6776","1.09",".8","4.21"
"Burlington","Washington Twp","0336","9","2","693",".43",".43","10.97"
"Burlington","Westampton","0337","8","3","9121","26.96","7.33","10.08"
"Burlington","Willingboro","0338","7","3","31889","68.8","1.89","11.81"
"Burlington","Woodland","0339","8","3","1544","3.89",".78","4.34"
"Burlington","Wrightstown","0340","12","3","720","26.25","7.08","19.72"
"Camden","Audubon","0401","5","1","8707","1.99","1.15","5.31"
"Camden","Audubon Park","0402","5","1","991",".91",".4","2.72"
"Camden","Barrington","0403","5","1","7075","6.28","2.29","6.52"
"Camden","Bellmawr","0404","5","1","11707","4.26","7.64","10.45"
"Camden","Berlin","0405","8","1","7489","4.62","3.45","5.63"
"Camden","Berlin Twp","0406","6","1","5867","8.23","7.01","10.57"
"Camden","Brooklawn","0407","5","1","1815","4.57","3.58","11.52"
"Camden","Camden","0408","5","1","71791","38.72","1.71","52.81"
"Camden","Cherry Hill","0409","6","1","74553","7.07","14.31","8.64"
"Camden","Chesilhurst","0410","4","1","1536","38.61",".65","14.84"
"Camden","Clementon","0411","4","1","5338","21.99","2.7","17.68"
"Camden","Collingswood","0412","6","1","14186","8.85","2.45","11.55"
"Camden","Gibbsboro","0413","6","1","2189","3.38","3.61","7.04"
"Camden","Gloucester City","0414","5","1","11484","5.57","3.72","15.03"
"Camden","Gloucester Twp","0415","4","1","66034","18.78","4.86","8.9"
"Camden","Haddon Heights","0418","5","1","7495","1.15","1.16","3.39"
"Camden","Haddon Twp","0416","6","1","15407","2.57","3.1","5.63"
"Camden","Haddonfield","0417","6","1","12550","1.06","2.91","3.65"
"Camden","Hi-Nella","0419","6","1","927","17.8","5.18","18.12"
"Camden","Laurel Springs","0420","4","1","1978","8.24","1.67","8.75"
"Camden","Lawnside","0421","5","1","2955","74.99","2","11.51"
"Camden","Lindenwold","0422","4","1","21641","32.87","2.5","32.92"
"Camden","Magnolia","0423","5","1","4352","16.59","2.83","11.42"
"Camden","Merchantville","0424","6","1","3820","11.05","3.14","18.95"
"Camden","Mount Ephraim","0425","5","1","4651","2.97","1.08","6.86"
"Camden","Oaklyn","0426","6","1","3930","4.45","2.39","9.19"
"Camden","Pennsauken","0427","6","1","37074","21.76","9.26","37.4"
"Camden","Pine Hill","0428","8","1","10743","27.08","2.69","11.76"
"Camden","Pine Valley","0429","8","1","21","0","0","0"
"Camden","Runnemede","0430","5","1","8324","5.06","3.75","9.03"
"Camden","Somerdale","0431","6","1","5566","20.43","6.27","12.34"
"Camden","Stratford","0432","6","1","6981","9.8","4.68","10.2"
"Camden","Tavistock","0433","6","1","9","11.11","0","22.22"
"Camden","Voorhees","0434","6","1","31069","9.28","19.34","5.86"
"Camden","Waterford","0435","8","2","10421","4.73","1.28","5.91"
"Camden","Winslow","0436","4","1","39907","36.7","3.04","11.58"
"Camden","Woodlynne","0437","5","1","2902","31.74","8.92","44.45"
"Cape May","Avalon","0501","1","2","1243",".16",".97",".97"
"Cape May","Cape May","0502","1","2","2768","2.64",".79","8.56"
"Cape May","Cape May Point","0503","1","2","305","0",".33","2.62"
"Cape May","Dennis","0504","1","2","6285","1.23",".62","3.8"
"Cape May","Lower Township","0505","1","2","22057","1.73",".67","6.66"
"Cape May","Middle Township","0506","1","2","20380","7.67","1.83","9.6"
"Cape May","North Wildwood","0507","1","2","3621",".94",".19","3.56"
"Cape May","Ocean City","0508","1","2","11229","1.9",".94","4.88"
"Cape May","Sea Isle City","0509","1","2","2104",".24",".52","2.71"
"Cape May","Stone Harbor","0510","1","2","796","0",".13","2.14"
"Cape May","Upper Township","0511","1","2","12539",".64",".65","2.99"
"Cape May","West Cape May","0512","1","2","1010","5.05",".4","4.36"
"Cape May","West Wildwood","0513","1","2","540","0",".19","4.26"
"Cape May","Wildwood","0514","1","2","5157","6.88","1.01","31.57"
"Cape May","Wildwood Crest","0515","1","2","3101","1.13",".81","6.19"
"Cape May","Woodbine","0516","1","2","2128","20.44",".56","24.91"
"Cumberland","Bridgeton","0601","3","2","27263","25",".43","60.04"
"Cumberland","Commercial","0602","1","2","4669","9.79",".32","9.3"
"Cumberland","Deerfield","0603","3","2","3136","11","1.15","17.83"
"Cumberland","Downe","0604","1","2","1399","1.57",".07","5.08"
"Cumberland","Fairfield","0605","1","2","5546","41.29",".47","18.09"
"Cumberland","Greenwich","0606","1","2","771","4.15","1.3","5.84"
"Cumberland","Hopewell","0607","1","2","4391","6.54","1.07","12.91"
"Cumberland","Lawrence","0608","1","2","3087","6.96",".32","13.38"
"Cumberland","Maurice River","0609","1","2","6218","26.91",".27","10.57"
"Cumberland","Millville","0610","1","2","27491","20.91","1.13","18.97"
"Cumberland","Shiloh","0611","1","2","444","2.93",".68","10.36"
"Cumberland","Stow Creek","0612","1","2","1312","2.67",".61","5.72"
"Cumberland","Upper Deerfield","0613","3","2","7645","13.59","2.3","16.81"
"Cumberland","Vineland","0614","1","2","60780","12.18","2.1","43.3"
"Essex","Belleville","0701","29","8","38222","8.09","10.99","50.18"
"Essex","Bloomfield","0702","28","10","53105","18.72","8.46","30.5"
"Essex","Caldwell","0703","27","11","9027","4.64","6.04","14.55"
"Essex","Cedar Grove","0704","40","11","12980","2.35","7.83","11.29"
"Essex","East Orange","0705","34","10","69612","78.56",".72","12.97"
"Essex","Essex Fells","0706","27","11","2244","1.07","4.63","6.11"
"Essex","Fairfield","0707","26","11","7872",".48","4.51","9.31"
"Essex","Glen Ridge","0708","28","10","7802","3.7","7.52","7.15"
"Essex","Irvington","0709","28","10","61176","78.8",".68","14.69"
"Essex","Livingston","0710","27","11","31330","3.04","28.77","5.05"
"Essex","Maplewood","0711","27","10","25684","30.14","3.7","8.5"
"Essex","Millburn","0712","27","7","21710","2.11","32.81","4.48"
"Essex","Montclair","0713","34","10","40921","22.01","5","10.52"
"Essex","Newark","0714","28","8","311549","47.47","1.56","36.39"
"Essex","North Caldwell","0715","26","11","6694","1.27","7.74","6.05"
"Essex","Nutley","0716","28","11","30143","3.08","11.67","19.43"
"Essex","Orange","0717","34","10","34447","62.78",".76","28.98"
"Essex","Roseland","0718","27","11","6299","3.05","8.75","6.94"
"Essex","South Orange","0719","27","10","18484","20.57","6.64","8.68"
"Essex","Verona","0720","26","11","14572","2.22","4.78","9.82"
"Essex","West Caldwell","0721","26","11","11012","1.25","4","8.82"
"Essex","West Orange","0722","27","10","48843","28.49","7.21","19.75"
"Gloucester","Clayton","0801","3","2","8807","18.95","2.04","9.46"
"Gloucester","Deptford","0802","5","1","31977","12.78","5.06","8.63"
"Gloucester","East Greenwich","0803","3","1","11706","5.33","4.53","4.98"
"Gloucester","Elk","0804","3","2","4424","11.42","1.02","8.88"
"Gloucester","Franklin Twp","0805","3","2","16380","6.21",".97","6.55"
"Gloucester","Glassboro","0806","3","1","23149","17.34","4.35","10.92"
"Gloucester","Greenwich","0807","3","1","4917","4.07",".92","4.68"
"Gloucester","Harrison Twp","0808","5","2","13641","5.16","4.79","4.73"
"Gloucester","Logan","0809","3","1","6000","11.08","3","6.52"
"Gloucester","Mantua","0810","5","2","15235","3.14","1.43","3.93"
"Gloucester","Monroe","0811","4","1","37117","14.26","2.63","7.53"
"Gloucester","National Park","0812","3","1","3026","3.9",".59","5.02"
"Gloucester","Newfield","0813","3","2","1774","3.16",".68","13.13"
"Gloucester","Paulsboro","0814","3","1","6196","35.72","1.05","14.75"
"Gloucester","Pitman","0815","4","2","8780","1.23",".83","3.94"
"Gloucester","South Harrison","0816","3","2","3395","4.77","1.83","4.62"
"Gloucester","Swedesboro","0817","3","2","2711","13.98","2.36","17.63"
"Gloucester","Washington Twp","0818","4","1","48677","6.87","4.15","5.57"
"Gloucester","Wenonah","0819","5","1","2283",".66","1.4","3.11"
"Gloucester","West Deptford","0820","3","1","22197","7.47","2.49","6.16"
"Gloucester","Westville","0821","5","1","4264","8.89","3.26","11.26"
"Gloucester","Woodbury","0822","5","1","9963","24.27","1.58","15.84"
"Gloucester","Woodbury Heights","0823","3","1","3098","3.84","1","5.29"
"Gloucester","Woolwich","0824","3","2","12577","10.26","5.09","5.18"
"Hudson","Bayonne","0901","31","8","71686","9.93","9.78","30.83"
"Hudson","East Newark","0902","32","8","2594","2.08","9.91","62.41"
"Hudson","Guttenberg","0903","32","8","12017","2.85","8.85","65.47"
"Hudson","Harrison","0904","32","8","19450","3.71","25.43","39.89"
"Hudson","Hoboken","0905","33","8","60419","3.49","10.79","14.14"
"Hudson","Jersey City","0906","31","8","292449","18.53","27.84","24.89"
"Hudson","Kearny","0907","32","8","41999","2.97","4.84","48.73"
"Hudson","North Bergen","0908","32","8","63361","2.21","6.74","70.86"
"Hudson","Secaucus","0909","32","9","22181","4.16","32.31","21.19"
"Hudson","Union City","0910","33","8","68589","1.98","3.49","82.39"
"Hudson","Weehawken","0911","33","8","17197","3.98","15.08","32.94"
"Hudson","West New York","0912","32","8","52912","2.33","7.08","75.81"
"Hunterdon","Alexandria","1001","23","7","4809","1.35","2.18","5.97"
"Hunterdon","Bethlehem","1002","23","7","3745","1.07","2.46","5.58"
"Hunterdon","Bloomsbury","1003","23","7","792","3.16","1.64","6.82"
"Hunterdon","Califon","1004","23","7","1005",".1","1.49","4.08"
"Hunterdon","Clinton","1005","23","7","2773","1.8","8.47","10.13"
"Hunterdon","Clinton Twp","1006","23","7","13505","5.61","5.69","7.93"
"Hunterdon","Delaware","1007","16","7","4560",".86","1.4","5.79"
"Hunterdon","East Amwell","1008","15","7","3917",".89","1.63","5.54"
"Hunterdon","Flemington","1009","16","7","4876","2.73","6.5","39.54"
"Hunterdon","Franklin Twp","1010","23","7","3267",".86","1.78","6.55"
"Hunterdon","Frenchtown","1011","23","7","1370","1.17","1.68","7.59"
"Hunterdon","Glen Gardner","1012","23","7","1682","3.69","1.07","8.38"
"Hunterdon","Hampton Boro","1013","23","7","1438","2.16","2.36","8.76"
"Hunterdon","High Bridge","1014","23","7","3546","1.44","3.19","9.59"
"Hunterdon","Holland","1015","23","7","5177",".6",".85","4.25"
"Hunterdon","Kingwood","1016","23","7","3802","1.1","1.05","3.76"
"Hunterdon","Lambertville","1017","15","7","4139","1.81","1.5","12.68"
"Hunterdon","Lebanon","1018","23","7","1665","4.2","4.2","8.65"
"Hunterdon","Lebanon Twp","1019","23","7","6195","1.03","1.99","5.75"
"Hunterdon","Milford","1020","23","7","1232","1.38",".97","6.74"
"Hunterdon","Raritan Twp","1021","16","7","23447","2.51","8.97","8.1"
"Hunterdon","Readington","1022","16","7","16128","1.32","4.61","7.55"
"Hunterdon","Stockton","1023","16","7","495","0","1.62","2.02"
"Hunterdon","Tewksbury","1024","23","7","5870",".92","3.95","5.66"
"Hunterdon","Union Twp","1025","23","7","6507","7.39","3.96","8.34"
"Hunterdon","West Amwell","1026","15","7","3005","2.06","2.03","5.99"
"Mercer","East Windsor","1101","14","12","30045","8.83","22.57","25.79"
"Mercer","Ewing","1102","15","12","37264","30.5","5.2","13.06"
"Mercer","Hamilton","1103","14","4","92297","12.7","4.46","19.8"
"Mercer","Hightstown","1104","14","12","5900","6.81","5.64","36.71"
"Mercer","Hopewell","1105","15","12","1918","1.67","1.41","4.38"
"Mercer","Hopewell Twp","1106","15","12","17491","3.35","11.63","5.94"
"Mercer","Lawrence","1107","15","12","33077","11.35","17.79","11.15"
"Mercer","Pennington","1108","15","12","2802","1.61","2.96","3.14"
"Mercer","Princeton (as of 1/1/2013)","1114","16","12","30681","5.68","21.94","9.82"
"Mercer","Princeton (prior to 2013)","1109","15","12","NULL","NULL","NULL","NULL"
"Mercer","Princeton Twp (prior to 2013)","1110","16","12","NULL","NULL","NULL","NULL"
"Mercer","Robbinsville","1112","14","4","15476","3.03","27.83","5.1"
"Mercer","Trenton","1111","15","12","90871","42.24",".65","45.01"
"Mercer","West Windsor","1113","15","12","29518","4.09","52.51","5.11"
"Middlesex","Carteret","1201","19","6","25326","15.08","22.73","36.88"
"Middlesex","Cranbury","1202","14","12","3842","2.81","20.9","4.76"
"Middlesex","Dunellen","1203","22","12","7637","8.76","5.63","36.93"
"Middlesex","East Brunswick","1204","18","12","49715","4.25","27.95","9.57"
"Middlesex","Edison","1205","18","6","107588","7.22","53.62","10.01"
"Middlesex","Helmetta","1206","18","12","2455","4.03","4.85","11.49"
"Middlesex","Highland Park","1207","18","6","15072","8.35","17.54","14.93"
"Middlesex","Jamesburg","1208","14","12","5783","6.93","4.62","31.87"
"Middlesex","Metuchen","1210","18","6","15049","4.29","18.77","10.03"
"Middlesex","Middlesex Borough","1211","22","12","14636","6.16","7.92","25.63"
"Middlesex","Milltown","1212","17","12","7037","2.53","3.5","11.51"
"Middlesex","Monroe","1213","14","12","48594","3.41","26.53","5.65"
"Middlesex","New Brunswick","1214","17","6","55266","11.36","10.35","56.77"
"Middlesex","North Brunswick","1215","17","12","43905","17.62","25.54","24.32"
"Middlesex","Old Bridge","1209","12","6","66876","6.98","15.13","13.87"
"Middlesex","Perth Amboy","1216","19","6","55436","6.28","1.1","83.25"
"Middlesex","Piscataway","1217","17","6","60804","19.36","39.43","13.61"
"Middlesex","Plainsboro","1218","14","12","24084","6.56","56.38","6.02"
"Middlesex","Sayreville","1219","19","6","45345","12.67","16.78","17.35"
"Middlesex","South Amboy","1220","19","6","9411","5.62","4.99","22.24"
"Middlesex","South Brunswick","1221","16","12","47043","7.24","48.05","7.46"
"Middlesex","South Plainfield","1222","18","6","24338","10.26","18.81","18.72"
"Middlesex","South River","1223","18","12","16118","6.2","5.12","26.05"
"Middlesex","Spotswood","1224","14","12","8163","3.33","6.41","11.23"
"Middlesex","Woodbridge","1225","19","6","103639","9.79","26.46","21.5"
"Monmouth","Aberdeen","1330","13","6","19329","9.74","5.77","13.67"
"Monmouth","Allenhurst","1301","11","6","472",".85",".64","4.03"
"Monmouth","Allentown","1302","12","4","1734","3.69","1.61","5.31"
"Monmouth","Asbury Park","1303","11","6","15188","33.31","1.07","26.86"
"Monmouth","Atlantic Highlands","1304","13","6","4414","1.22","1.77","8.22"
"Monmouth","Avon By The Sea","1305","30","4","1933","1.14","1.03","7.29"
"Monmouth","Belmar","1306","30","4","5907","1.69","1.2","16.3"
"Monmouth","Bradley Beach","1307","30","4","4282","1.91","1.33","20.55"
"Monmouth","Brielle","1308","30","4","4982","1.38",".68","4.54"
"Monmouth","Colts Neck","1309","11","4","9957","1.05","4.97","6.17"
"Monmouth","Deal","1310","11","6","900",".67",".67","13.33"
"Monmouth","Eatontown","1311","11","4","13597","12.09","9.68","14.75"
"Monmouth","Englishtown","1312","12","4","2346","2.81","8.82","15.69"
"Monmouth","Fair Haven","1313","13","4","6269","1.05","1.47","3.84"
"Monmouth","Farmingdale","1314","30","4","1504","5.32","2.66","11.1"
"Monmouth","Freehold","1315","11","4","12538","8.85","2.63","53.03"
"Monmouth","Freehold Twp","1316","11","4","35369","4.26","7.31","10.28"
"Monmouth","Hazlet","1339","13","6","20125","1.64","3.39","11.39"
"Monmouth","Highlands","1317","13","6","4621","1.73","1.19","7.42"
"Monmouth","Holmdel","1318","13","4","17400","1.09","20.43","5.68"
"Monmouth","Howell","1319","30","4","53537","3.66","4.9","11.88"
"Monmouth","Interlaken","1320","11","6","828",".12",".48","2.29"
"Monmouth","Keansburg","1321","13","6","9755","9.44","2.72","19.81"
"Monmouth","Keyport","1322","13","6","7204","5.37","3.14","21.82"
"Monmouth","Lake Como","1347","30","4","1697","4.3","1.94","19.8"
"Monmouth","Little Silver","1323","13","4","6131",".41","2.25","4.26"
"Monmouth","Loch Arbour","1324","11","6","224","0","2.68","3.57"
"Monmouth","Long Branch","1325","11","6","31667","10.03","1.86","32.63"
"Monmouth","Manalapan","1326","12","4","40905","2.14","8.71","7.79"
"Monmouth","Manasquan","1327","30","4","5938",".17",".81","7.02"
"Monmouth","Marlboro","1328","13","6","41502","1.75","21.73","5.6"
"Monmouth","Matawan","1329","12","6","9565","7.58","6.21","14.96"
"Monmouth","Middletown","1331","13","4","67106","1.23","2.78","7.62"
"Monmouth","Millstone Twp","1332","12","4","10376","4","6.04","8.13"
"Monmouth","Monmouth Beach","1333","13","6","3174",".28","1.13","3.84"
"Monmouth","Neptune City","1335","11","4","4626","13.55","1.99","13.92"
"Monmouth","Neptune Twp","1334","11","4","28061","33.57","2.74","14.44"
"Monmouth","Ocean Twp","1337","11","4","27672","9.06","5.91","10.87"
"Monmouth","Oceanport","1338","13","6","6150","1.38","1.14","9.93"
"Monmouth","Red Bank","1340","11","4","12936","7.47","1.79","37.8"
"Monmouth","Roosevelt","1341","12","4","808","2.85","1.49","12.75"
"Monmouth","Rumson","1342","13","4","7343",".29","1.44","4.19"
"Monmouth","Sea Bright","1343","13","6","1449",".9","2.35","5.38"
"Monmouth","Sea Girt","1344","30","4","1866",".48",".21","3"
"Monmouth","Shrewsbury","1345","11","4","4184","1.46","2.32","3.94"
"Monmouth","Shrewsbury Twp","1346","11","4","1076","13.75","8.18","20.17"
"Monmouth","Spring Lake","1348","30","4","2789",".39","1.29","3.08"
"Monmouth","Spring Lake Heights","1349","30","4","4890",".47","1.1","4.52"
"Monmouth","Tinton Falls","1336","11","4","19181","8.39","5.43","8.83"
"Monmouth","Union Beach","1350","13","6","5723","1.94","2.18","12.69"
"Monmouth","Upper Freehold","1351","12","4","7273","2.21","6.32","6.24"
"Monmouth","Wall","1352","30","4","26525","1.74","1.67","5.88"
"Monmouth","West Long Branch","1353","11","6","8587","3.2","1.67","9.01"
"Morris","Boonton","1401","25","11","8815","5.04","10.81","15.98"
"Morris","Boonton Twp","1402","25","11","4380","1.07","6.28","6.28"
"Morris","Butler","1403","26","11","8047","1.53","3.53","17.51"
"Morris","Chatham","1404","21","11","9212",".97","9.19","7.33"
"Morris","Chatham Twp","1405","27","11","10983",".74","12.63","4.68"
"Morris","Chester","1406","25","7","1681",".3","3.57","16.72"
"Morris","Chester Twp","1407","25","7","7713","1.17","4.94","6.99"
"Morris","Denville","1408","25","11","17107","1.85","7.9","7.48"
"Morris","Dover","1409","25","7","18460","4.24","2.29","76.97"
"Morris","East Hanover","1410","27","11","11105","1.27","12.83","7.89"
"Morris","Florham Park","1411","27","11","12585","5.76","8.54","7.38"
"Morris","Hanover","1412","27","11","14677","2.21","13.27","7.13"
"Morris","Harding","1413","27","11","3871","1.06","4.65","4.62"
"Morris","Jefferson","1414","26","11","20538","1.73","4.19","9.73"
"Morris","Kinnelon","1415","26","11","9966",".91","6.12","7.3"
"Morris","Lincoln Park","1416","26","11","10915","3.04","6.59","13.46"
"Morris","Long Hill","1430","21","7","8629",".85","8.03","10.57"
"Morris","Madison","1417","27","11","16937","2.73","7.45","11.83"
"Morris","Mendham","1418","25","11","4981",".58","3.23","5.88"
"Morris","Mendham Twp","1419","25","11","6016","1.55","5.77","5.49"
"Morris","Mine Hill","1420","25","7","4015","4.76","5.23","31.96"
"Morris","Montville","1421","26","11","22450","1.42","21.43","7.03"
"Morris","Morris Plains","1423","26","11","6153","3.56","7.91","9.59"
"Morris","Morris Twp","1422","25","11","22974","4.44","5.95","10.35"
"Morris","Morristown","1424","25","11","20180","9.72","4.76","36.51"
"Morris","Mount Arlington","1426","25","7","5909","3.33","5.65","12.17"
"Morris","Mount Olive","1427","24","7","28886","6.26","10.47","15.44"
"Morris","Mountain Lakes","1425","25","11","4472",".42","15.52","5.52"
"Morris","Netcong","1428","25","7","3375","4.47","3.5","24.21"
"Morris","Parsippany-Troy Hills","1429","26","11","56162","3.4","38.63","10.03"
"Morris","Pequannock","1431","40","11","15571",".63","2.54","7.86"
"Morris","Randolph","1432","25","11","26504","2.79","12.02","14.3"
"Morris","Riverdale","1433","40","11","4107","2.14","5.33","10.01"
"Morris","Rockaway","1434","25","11","6598","2.83","8.38","20.54"
"Morris","Rockaway Twp","1435","26","11","25341","2.88","7.57","15.76"
"Morris","Roxbury","1436","25","7","22950","2.82","5.63","14.55"
"Morris","Victory Gardens","1437","25","11","1582","8.98","2.59","74.91"
"Morris","Washington Twp","1438","25","7","18197","1.57","4.18","7.47"
"Morris","Wharton","1439","25","7","7241","3.11","5.44","49.39"
"Ocean","Barnegat Light","1501","9","2","640","0",".16","3.28"
"Ocean","Barnegat Twp","1533","9","3","24296","4.06","1.94","10.13"
"Ocean","Bay Head","1502","10","4","930",".54","1.18","2.9"
"Ocean","Beach Haven","1503","9","2","1027",".19","0","9.93"
"Ocean","Beachwood","1504","9","3","10859","2.2","1.35","11.88"
"Ocean","Berkeley Twp","1505","9","3","43754","2.47","1.46","8.41"
"Ocean","Brick","1506","10","3","73620","2.81","1.83","11.16"
"Ocean","Eagleswood","1508","9","2","1722",".46",".58","6.74"
"Ocean","Harvey Cedars","1509","9","2","391","0",".51","1.53"
"Ocean","Island Heights","1510","10","3","1650",".48",".85","3.33"
"Ocean","Jackson","1511","12","4","58544","4.73","2.66","12.88"
"Ocean","Lacey","1512","9","3","28655",".78","1.17","6.98"
"Ocean","Lakehurst","1513","10","4","2636","8.95","2.88","19.16"
"Ocean","Lakewood","1514","30","4","135158","2.43",".52","11.67"
"Ocean","Lavallette","1515","10","3","1787",".45",".39","3.36"
"Ocean","Little Egg Harbor","1516","9","2","20784","1.77","1.08","7.41"
"Ocean","Long Beach","1517","9","2","3153",".06",".92","3.24"
"Ocean","Manchester","1518","10","4","45115","4.09","2.25","7.76"
"Ocean","Mantoloking","1519","10","3","331",".3","1.21","4.53"
"Ocean","Ocean Gate","1521","9","3","1932","2.38",".26","8.07"
"Ocean","Ocean Twp","1520","9","3","8835",".81",".8","4.61"
"Ocean","Pine Beach","1522","9","3","2139",".79","1.36","6.22"
"Ocean","Plumsted","1523","12","4","8072","1.33",".72","8.39"
"Ocean","Point Pleasant","1524","30","3","18941",".31",".81","7.01"
"Ocean","Point Pleasant Beach","1525","10","4","4766",".59","1.2","9.97"
"Ocean","Seaside Heights","1526","10","3","2440","5.57","1.48","23.2"
"Ocean","Seaside Park","1527","9","3","1436",".28",".63","3.83"
"Ocean","Ship Bottom","1528","9","2","1098",".09","1","6.56"
"Ocean","South Toms River","1529","9","3","3643","14.49","2.06","28.55"
"Ocean","Stafford","1530","9","2","28617","1.1","1.47","8.62"
"Ocean","Surf City","1531","9","2","1243",".08",".64","3.54"
"Ocean","Toms River","1507","10","3","95438","3.31","3.96","12.15"
"Ocean","Tuckerton","1532","9","2","3577","1.12","1.03","8.5"
"Passaic","Bloomingdale","1601","39","11","7777","1.47","3.51","15.25"
"Passaic","Clifton","1602","34","9","90296","4.32","9.32","40.04"
"Passaic","Haledon","1603","35","9","9052","11.74","6.97","49.45"
"Passaic","Hawthorne","1604","38","9","19637","3.01","2.71","24.33"
"Passaic","Little Falls","1605","40","11","13360","6.24","5.41","16.95"
"Passaic","North Haledon","1606","35","11","8927","3.25","3.91","12.65"
"Passaic","Passaic","1607","36","9","70537","5.68","3.68","73.13"
"Passaic","Paterson","1608","35","9","159732","22.96","5","61.89"
"Passaic","Pompton Lakes","1609","40","11","11127","1.53","5.34","19.54"
"Passaic","Prospect Park","1610","35","9","6372","16.05","4.61","58.88"
"Passaic","Ringwood","1611","39","5","11735","1.42","1.67","9.24"
"Passaic","Totowa","1612","40","11","11065","2.23","7.57","21.76"
"Passaic","Wanaque","1613","39","11","11317","2.7","4.8","14.66"
"Passaic","Wayne","1614","40","11","54838","2.99","9.42","11.74"
"Passaic","West Milford","1615","26","5","24862","1.29","1.52","9.09"
"Passaic","Woodland Park","1616","40","11","13484","3.89","5.09","28.3"
"Salem","Alloway","1701","3","2","3283","3.11",".76","1.95"
"Salem","Carneys Point","1713","3","2","8637","20.18","1.35","17.56"
"Salem","Elmer","1702","3","2","1347","2.15",".52","4.75"
"Salem","Elsinboro","1703","3","2","1001","3.3",".5","5.29"
"Salem","Lower Alloways Creek","1704","3","2","1717",".52",".35","3.09"
"Salem","Mannington","1705","3","2","1475","12.47",".34","10.03"
"Salem","Oldmans","1706","3","2","1910","6.91",".47","6.18"
"Salem","Penns Grove","1707","3","2","4837","38.45",".23","35"
"Salem","Pennsville","1708","3","2","12684","3.11","1.57","5.34"
"Salem","Pilesgrove","1709","3","2","4183","6.6","1.15","5.55"
"Salem","Pittsgrove","1710","3","2","8777","5.37","1.11","7.52"
"Salem","Quinton","1711","3","2","2580","10.19",".85","7.56"
"Salem","Salem","1712","3","2","5296","58.5",".55","11.67"
"Salem","Upper Pittsgrove","1714","3","2","3432","2.01",".35","5.71"
"Salem","Woodstown","1715","3","2","3678","10.47","1.55","6.72"
"Somerset","Bedminster","1801","23","7","8272","1.85","10.66","9.72"
"Somerset","Bernards Twp","1802","21","7","27830","1.61","24.1","5.73"
"Somerset","Bernardsville","1803","25","7","7893",".62","4.35","16.12"
"Somerset","Bound Brook","1804","23","12","11988","8.14","4.03","53.17"
"Somerset","Branchburg","1805","16","7","14940","2.93","10.77","7.47"
"Somerset","Bridgewater","1806","23","7","45977","2.76","24.1","9.82"
"Somerset","Far Hills","1807","21","7","924",".87","4.55","11.58"
"Somerset","Franklin Twp","1808","17","12","68364","24.18","23.16","17.46"
"Somerset","Green Brook","1809","22","7","7281","4.3","23.94","11.58"
"Somerset","Hillsborough","1810","16","7","43276","4.71","22.85","9.4"
"Somerset","Manville","1811","16","12","10953","4.69","3.08","31.63"
"Somerset","Millstone","1812","16","7","448","1.56","2.01","7.59"
"Somerset","Montgomery","1813","16","7","23690","3.04","39.48","5.55"
"Somerset","North Plainfield","1814","22","7","22808","19.25","4.67","50.63"
"Somerset","Peapack Gladstone","1815","23","7","2558","2.35","1.95","12.47"
"Somerset","Raritan","1816","23","7","7835","3.15","19.89","21.34"
"Somerset","Rocky Hill","1817","16","7","743",".4","4.85","9.42"
"Somerset","Somerville","1818","16","7","12346","9.73","11.61","25.21"
"Somerset","South Bound Brook","1819","23","12","4863","10.86","8.12","31.61"
"Somerset","Warren","1820","21","7","15923","1.74","20.4","7.26"
"Somerset","Watchung","1821","21","7","6449","4.79","15.52","8.05"
"Sussex","Andover","1901","24","5","595","2.86",".84","9.92"
"Sussex","Andover Twp","1902","24","5","5996","3.12","3.52","8.84"
"Sussex","Branchville","1903","24","5","791","1.01","2.15","6.7"
"Sussex","Byram","1904","24","11","8028","1.64","1.59","8.51"
"Sussex","Frankford","1905","24","5","5302",".79","1.41","5.6"
"Sussex","Franklin","1906","24","5","4912","2.2","1.59","13.46"
"Sussex","Fredon","1907","24","5","3235",".62","1.79","5.6"
"Sussex","Green","1908","24","5","3627","1.79","1.71","8.44"
"Sussex","Hamburg","1909","24","5","3266","3","2.88","9.74"
"Sussex","Hampton Twp","1910","24","5","4893",".53","1.61","5.46"
"Sussex","Hardyston","1911","24","5","8125","3","2.65","7.96"
"Sussex","Hopatcong","1912","24","11","14362","2.95","2.46","17.71"
"Sussex","Lafayette","1913","24","5","2358",".85",".55","6.96"
"Sussex","Montague","1914","24","5","3792","1.87","1.82","9.76"
"Sussex","Newton","1915","24","5","8374","5.16","3.49","16.28"
"Sussex","Ogdensburg","1916","24","11","2258",".89","1.24","11.74"
"Sussex","Sandyston","1917","24","5","1977",".46","1.57","5.11"
"Sussex","Sparta","1918","24","11","19600","1.58","3.16","8.01"
"Sussex","Stanhope","1919","24","11","3526","2.1","2.64","13.95"
"Sussex","Stillwater","1920","24","5","4004",".57",".95","5.04"
"Sussex","Sussex","1921","24","5","2024","2.32","1.28","14.03"
"Sussex","Vernon","1922","24","5","22358","1.48",".92","9.67"
"Sussex","Walpack","1923","24","5","7","0","0","28.57"
"Sussex","Wantage","1924","24","5","10811","1.41","1.17","7.29"
"Union","Berkeley Heights","2001","21","7","13285","1.82","15.54","8.58"
"Union","Clark","2002","22","7","15544","1.49","4.14","12.51"
"Union","Cranford","2003","21","7","23847","2.74","3.79","10.24"
"Union","Elizabeth","2004","20","8","137298","16.21","2.01","65.72"
"Union","Fanwood","2005","22","12","7774","4.97","9.17","9.38"
"Union","Garwood","2006","21","7","4454","1.55","2.67","15.04"
"Union","Hillside","2007","20","10","22456","50.44","2.22","23.11"
"Union","Kenilworth","2008","21","7","8427","2.6","5.16","22.94"
"Union","Linden","2009","22","10","43738","26.8","3.39","34.42"
"Union","Mountainside","2010","21","7","7020","1.91","6.64","9.5"
"Union","New Providence","2011","21","7","13650","1.77","15.9","9.16"
"Union","Plainfield","2012","22","12","54586","34.87",".92","54.58"
"Union","Rahway","2013","22","10","29556","30.09","5.49","30"
"Union","Roselle","2014","20","10","22695","47.59","2.56","34.81"
"Union","Roselle Park","2015","21","10","13967","8.49","9.1","37.9"
"Union","Scotch Plains","2016","22","7","24968","9.47","10.45","10.33"
"Union","Springfield","2017","21","7","17178","8.76","8.97","13.01"
"Union","Summit","2018","21","7","22719","3.94","10.44","14.58"
"Union","Union Twp","2019","20","7","59728","32.31","10.84","19.92"
"Union","Westfield","2020","21","7","31032","2.55","8.81","7.24"
"Union","Winfield","2021","22","7","1423",".98",".42","9.77"
"Warren","Allamuchy","2101","24","5","5335","4.25","3.39","8.72"
"Warren","Alpha","2102","23","7","2328","2.79","1.76","9.06"
"Warren","Belvidere","2103","24","5","2520","1.11",".79","7.86"
"Warren","Blairstown","2104","24","5","5704","1.17","1.3","5.82"
"Warren","Franklin Twp","2105","23","7","2968","1.82","3.1","5.86"
"Warren","Frelinghuysen","2106","24","5","2199","1.18",".5","5.64"
"Warren","Greenwich","2107","23","7","5473","8.66","7.6","9.98"
"Warren","Hackettstown","2108","23","5","10248","3.33","3.92","23.35"
"Warren","Hardwick","2109","24","5","1598",".75",".69","6.57"
"Warren","Harmony","2110","23","7","2503","1.16",".84","2.28"
"Warren","Hope","2111","24","5","1835",".44",".87","7.57"
"Warren","Independence","2112","24","5","5469","2.61","2.23","8.12"
"Warren","Knowlton","2113","24","5","2894",".76","1.28","6.81"
"Warren","Liberty","2114","24","5","2670","1.5","1.54","5.84"
"Warren","Lopatcong","2115","23","7","8776","8.14","5.01","9.15"
"Warren","Mansfield","2116","23","5","7781","5.24","3.23","14.82"
"Warren","Oxford","2117","24","5","2444","1.92",".98","7.61"
"Warren","Phillipsburg","2119","23","7","15249","12.51","1.44","16.74"
"Warren","Pohatcong","2120","23","7","3241","2.75","1.33","6.63"
"Warren","Washington","2121","23","5","7299","7.4","3.15","13.73"
"Warren","Washington Twp","2122","23","5","6492","3.67","2.36","8.21"
"Warren","White","2123","24","5","4606","2.04",".89","5.21"